question,prediction,expected_output,score,input_tokens,output_tokens,total_tokens,calls
"Select numbers $a$ and $b$ between 0 and 1 independently and at random, and let $c$ be their sum. Let $A$, $B$, and $C$ be the results when $a$, $b$, and $c$, respectively, are rounded to the nearest integer.  What is the probability that $A+B=C$?","To solve the problem, we need to analyze the random variables \( a \) and \( b \), which are independently chosen from the uniform distribution on the interval \( [0, 1] \). We define \( c = a + b \) and then round \( a \), \( b \), and \( c \) to the nearest integer to obtain \( A \), \( B \), and \( C \) respectively. Our goal is to find the probability that \( A + B = C \).

### Step 1: State the Problem Clearly
We need to find the probability \( P(A + B = C) \) where:
- \( A = \text{round}(a) \)
- \( B = \text{round}(b) \)
- \( C = \text{round}(c) = \text{round}(a + b) \)

### Step 2: Outline the Approach
1. **Understanding Rounding**: Since \( a \) and \( b \) are both in the interval \( [0, 1] \), their rounded values \( A \) and \( B \) can only be 0 or 1.
2. **Possible Values of \( A \) and \( B \)**:
   - \( A = 0 \) if \( 0 \leq a < 0.5 \)
   - \( A = 1 \) if \( 0.5 \leq a < 1 \)
   - \( B = 0 \) if \( 0 \leq b < 0.5 \)
   - \( B = 1 \) if \( 0.5 \leq b < 1 \)
3. **Calculating \( C \)**: The value of \( C \) depends on the value of \( c = a + b \):
   - If \( c < 0.5 \), then \( C = 0 \)
   - If \( 0.5 \leq c < 1.5 \), then \( C = 1 \)
   - If \( c \geq 1.5 \), then \( C = 2 \) (but this case is impossible since \( a + b < 2 \))

### Step 3: Detailed Calculations
We will analyze the cases for \( A + B = C \):

1. **Case 1**: \( A = 0 \) and \( B = 0 \)
   - This occurs when \( 0 \leq a < 0.5 \) and \( 0 \leq b < 0.5 \).
   - Here, \( c < 1 \) implies \( C = 0 \).
   - Thus, \( A + B = 0 = C \).
   - The probability of this case is:
     \[
     P(A = 0, B = 0) = P(a < 0.5) \cdot P(b < 0.5) = 0.5 \cdot 0.5 = 0.25
     \]

2. **Case 2**: \( A = 1 \) and \( B = 0 \)
   - This occurs when \( 0.5 \leq a < 1 \) and \( 0 \leq b < 0.5 \).
   - Here, \( c < 1.5 \) implies \( C = 1 \).
   - Thus, \( A + B = 1 = C \).
   - The probability of this case is:
     \[
     P(A = 1, B = 0) = P(a \geq 0.5) \cdot P(b < 0.5) = 0.5 \cdot 0.5 = 0.25
     \]

3. **Case 3**: \( A = 0 \) and \( B = 1 \)
   - This occurs when \( 0 \leq a < 0.5 \) and \( 0.5 \leq b < 1 \).
   - Here, \( c < 1.5 \) implies \( C = 1 \).
   - Thus, \( A + B = 1 = C \).
   - The probability of this case is:
     \[
     P(A = 0, B = 1) = P(a < 0.5) \cdot P(b \geq 0.5) = 0.5 \cdot 0.5 = 0.25
     \]

4. **Case 4**: \( A = 1 \) and \( B = 1 \)
   - This occurs when \( 0.5 \leq a < 1 \) and \( 0.5 \leq b < 1 \).
   - Here, \( c \geq 1 \) implies \( C = 1 \) if \( c < 1.5 \) or \( C = 2 \) if \( c \geq 1.5 \).
   - Thus, \( A + B = 2 \) which cannot equal \( C \) in this case.
   - The probability of this case is:
     \[
     P(A = 1, B = 1) = P(a \geq 0.5) \cdot P(b \geq 0.5) = 0.5 \cdot 0.5 = 0.25
     \]

### Step 4: Summing the Probabilities
Now we sum the probabilities of the cases where \( A + B = C \):
\[
P(A + B = C) = P(A = 0, B = 0) + P(A = 1, B = 0) + P(A = 0, B = 1) = 0.25 + 0.25 + 0.25 = 0.75
\]

### Final Answer
Thus, the probability that \( A + B = C \) is:
\[
\boxed{0.75}
\]","The conditions under which $A+B=C$ are as follows.


(i) If $a+b< 1/2$, then $A=B=C=0$.


(ii) If $a\geq 1/2$ and $b<1/2$, then $B=0$ and $A=C=1$.


(iii) If $a<1/2$ and $b\geq 1/2$, then $A=0$ and $B=C=1$.


(iv) If $a+b\geq 3/2$, then $A=B=1$ and $C=2$.

These conditions correspond to the shaded regions of the graph shown. The combined area of those regions is 3/4, and the area of the entire square is 1, so the requested probability is $\boxed{\frac{3}{4}}$.

[asy]
unitsize(2cm);
draw((1.1,0)--(0,0)--(0,1.1),linewidth(1));
fill((0,0)--(1,0)--(1,1)--(0,1)--cycle,gray(0.7));
fill((0.5,0)--(0.5,0.5)--(0,0.5)--cycle,white);
fill((0.5,0.5)--(1,0.5)--(0.5,1)--cycle,white);
label(""$a$"",(1.1,0),E);
label(""$b$"",(0,1.1),N);
label(""1"",(1,0),S);
label(""1"",(0,1),W);
label(""0"",(0,0),SW);
[/asy]",0,186,1296,1482,1
Tokens: 186 + 1296 = 1482
Total calls: 1
Avg tokens: 1482.00000
Avg calls: 1.00000
Avg score: 0.00000
